sample,total_offspring_1,total_offspring_2,total_offspring_3,total_offspring_4,date_starved,condition,strain,set,date_mother_on_plate,days_to_starvation,replicate,avg_total_offspring,mean.x,sd.x,lifetime_mean,null.value,estimate,conf.low,conf.high,p.adj,p.adj.signif,group1,group2
ABZ.F.S5.R2,10,11,10,14,7/16/23,albendazole,ECA2687,5,7/7/23,9,2,11.25,13.675,7.568254239,130.8,0,-9.760714286,-21.49196634,1.970537772,0.181,ns,ECA2687,N2
ABZ.F.S5.R4,25,23,18,29,7/16/23,albendazole,ECA2687,5,7/7/23,9,4,23.75,13.675,7.568254239,130.8,0,-9.760714286,-21.49196634,1.970537772,0.181,ns,ECA2687,N2
ABZ.F.S5.R5,16,11,11,18,7/16/23,albendazole,ECA2687,5,7/7/23,9,5,14,13.675,7.568254239,130.8,0,-9.760714286,-21.49196634,1.970537772,0.181,ns,ECA2687,N2
ABZ.F.S5.R7,11,11,11,16,7/16/23,albendazole,ECA2687,5,7/7/23,9,7,12.25,13.675,7.568254239,130.8,0,-9.760714286,-21.49196634,1.970537772,0.181,ns,ECA2687,N2
ABZ.F.S5.R8,23,22,17,26,7/16/23,albendazole,ECA2687,5,7/7/23,9,8,22,13.675,7.568254239,130.8,0,-9.760714286,-21.49196634,1.970537772,0.181,ns,ECA2687,N2
ABZ.F.S5.R9,20,21,20,26,NA,albendazole,ECA2687,5,7/7/23,06/23/1776,9,21.75,13.675,7.568254239,130.8,0,-9.760714286,-21.49196634,1.970537772,0.181,ns,ECA2687,N2
ABZ.F.S5.R10,11,8,6,11,7/16/23,albendazole,ECA2687,5,7/7/23,9,10,9,13.675,7.568254239,130.8,0,-9.760714286,-21.49196634,1.970537772,0.181,ns,ECA2687,N2
ABZ.G.S5.R1,1,1,0,1,7/17/23,albendazole,ECA2688,5,7/7/23,10,1,0.75,5.15,5.860887305,226.1,0,1.375,-9.270937772,12.02093777,1,ns,ECA2688,N2
ABZ.G.S5.R2,2,4,3,8,7/16/23,albendazole,ECA2688,5,7/7/23,9,2,4.25,5.15,5.860887305,226.1,0,1.375,-9.270937772,12.02093777,1,ns,ECA2688,N2
ABZ.G.S5.R3,3,3,4,4,7/18/23,albendazole,ECA2688,5,7/7/23,11,3,3.5,5.15,5.860887305,226.1,0,1.375,-9.270937772,12.02093777,1,ns,ECA2688,N2
ABZ.G.S5.R4,16,17,12,18,7/15/23,albendazole,ECA2688,5,7/7/23,8,4,15.75,5.15,5.860887305,226.1,0,1.375,-9.270937772,12.02093777,1,ns,ECA2688,N2
ABZ.G.S5.R5,1,1,1,5,7/17/23,albendazole,ECA2688,5,7/7/23,10,5,2,5.15,5.860887305,226.1,0,1.375,-9.270937772,12.02093777,1,ns,ECA2688,N2
ABZ.G.S5.R6,1,1,0,0,7/27/23,albendazole,ECA2688,5,7/7/23,20,6,0.5,5.15,5.860887305,226.1,0,1.375,-9.270937772,12.02093777,1,ns,ECA2688,N2
ABZ.G.S5.R7,16,16,14,17,7/15/23,albendazole,ECA2688,5,7/7/23,8,7,15.75,5.15,5.860887305,226.1,0,1.375,-9.270937772,12.02093777,1,ns,ECA2688,N2
ABZ.G.S5.R8,4,6,4,11,7/16/23,albendazole,ECA2688,5,7/7/23,9,8,6.25,5.15,5.860887305,226.1,0,1.375,-9.270937772,12.02093777,1,ns,ECA2688,N2
ABZ.G.S5.R9,1,1,1,1,7/17/23,albendazole,ECA2688,5,7/7/23,10,9,1,5.15,5.860887305,226.1,0,1.375,-9.270937772,12.02093777,1,ns,ECA2688,N2
ABZ.G.S5.R10,2,1,1,3,7/17/23,albendazole,ECA2688,5,7/7/23,10,10,1.75,5.15,5.860887305,226.1,0,1.375,-9.270937772,12.02093777,1,ns,ECA2688,N2
ABZ.H.S5.R1,10,10,10,11,7/16/23,albendazole,ECA2689,5,7/7/23,9,1,10.25,14.425,9.327416279,177.25,0,-7.9,-18.54593777,2.745937772,0.314,ns,ECA2689,N2
ABZ.H.S5.R2,0,0,0,0,NA,albendazole,ECA2689,5,7/7/23,06/23/1776,2,0,14.425,9.327416279,177.25,0,-7.9,-18.54593777,2.745937772,0.314,ns,ECA2689,N2
ABZ.H.S5.R3,11,11,10,16,7/15/23,albendazole,ECA2689,5,7/7/23,8,3,12,14.425,9.327416279,177.25,0,-7.9,-18.54593777,2.745937772,0.314,ns,ECA2689,N2
ABZ.H.S5.R4,17,17,14,19,7/15/23,albendazole,ECA2689,5,7/7/23,8,4,16.75,14.425,9.327416279,177.25,0,-7.9,-18.54593777,2.745937772,0.314,ns,ECA2689,N2
ABZ.H.S5.R5,7,6,7,10,7/16/23,albendazole,ECA2689,5,7/7/23,9,5,7.5,14.425,9.327416279,177.25,0,-7.9,-18.54593777,2.745937772,0.314,ns,ECA2689,N2
ABZ.H.S5.R6,18,18,16,21,7/15/23,albendazole,ECA2689,5,7/7/23,8,6,18.25,14.425,9.327416279,177.25,0,-7.9,-18.54593777,2.745937772,0.314,ns,ECA2689,N2
ABZ.H.S5.R7,4,5,5,8,7/17/23,albendazole,ECA2689,5,7/7/23,10,7,5.5,14.425,9.327416279,177.25,0,-7.9,-18.54593777,2.745937772,0.314,ns,ECA2689,N2
ABZ.H.S5.R8,15,17,15,21,7/16/23,albendazole,ECA2689,5,7/7/23,9,8,17,14.425,9.327416279,177.25,0,-7.9,-18.54593777,2.745937772,0.314,ns,ECA2689,N2
ABZ.H.S5.R9,29,30,28,30,7/15/23,albendazole,ECA2689,5,7/7/23,8,9,29.25,14.425,9.327416279,177.25,0,-7.9,-18.54593777,2.745937772,0.314,ns,ECA2689,N2
ABZ.H.S5.R10,31,24,25,31,7/15/23,albendazole,ECA2689,5,7/7/23,8,10,27.75,14.425,9.327416279,177.25,0,-7.9,-18.54593777,2.745937772,0.314,ns,ECA2689,N2
ABZ.I.S5.R1,9,12,9,16,7/16/23,albendazole,ECA2690,5,7/7/23,9,1,11.5,12.275,7.050856922,110.275,0,-8.6625,-19.95422219,2.629222186,0.272,ns,ECA2690,N2
ABZ.I.S5.R3,9,9,11,14,7/16/23,albendazole,ECA2690,5,7/7/23,9,3,10.75,12.275,7.050856922,110.275,0,-8.6625,-19.95422219,2.629222186,0.272,ns,ECA2690,N2
ABZ.I.S5.R5,16,17,6,22,7/16/23,albendazole,ECA2690,5,7/7/23,9,5,15.25,12.275,7.050856922,110.275,0,-8.6625,-19.95422219,2.629222186,0.272,ns,ECA2690,N2
ABZ.I.S5.R6,20,18,16,24,7/16/23,albendazole,ECA2690,5,7/7/23,9,6,19.5,12.275,7.050856922,110.275,0,-8.6625,-19.95422219,2.629222186,0.272,ns,ECA2690,N2
ABZ.I.S5.R7,14,17,11,20,7/16/23,albendazole,ECA2690,5,7/7/23,9,7,15.5,12.275,7.050856922,110.275,0,-8.6625,-19.95422219,2.629222186,0.272,ns,ECA2690,N2
ABZ.I.S5.R8,17,18,20,25,7/16/23,albendazole,ECA2690,5,7/7/23,9,8,20,12.275,7.050856922,110.275,0,-8.6625,-19.95422219,2.629222186,0.272,ns,ECA2690,N2
ABZ.I.S5.R9,18,17,16,23,7/16/23,albendazole,ECA2690,5,7/7/23,9,9,18.5,12.275,7.050856922,110.275,0,-8.6625,-19.95422219,2.629222186,0.272,ns,ECA2690,N2
ABZ.I.S5.R10,10,10,10,12,7/16/23,albendazole,ECA2690,5,7/7/23,9,10,10.5,12.275,7.050856922,110.275,0,-8.6625,-19.95422219,2.629222186,0.272,ns,ECA2690,N2
ABZ.B.S5.R1,1,1,0,1,7/16/23,albendazole,ECA882,5,7/7/23,9,1,0.75,4.35,8.901622823,218.275,0,2.175,-8.470937772,12.82093777,0.999,ns,ECA882,N2
ABZ.B.S5.R2,1,2,1,3,7/16/23,albendazole,ECA882,5,7/7/23,9,2,1.75,4.35,8.901622823,218.275,0,2.175,-8.470937772,12.82093777,0.999,ns,ECA882,N2
ABZ.B.S5.R3,5,6,5,7,7/15/23,albendazole,ECA882,5,7/7/23,8,3,5.75,4.35,8.901622823,218.275,0,2.175,-8.470937772,12.82093777,0.999,ns,ECA882,N2
ABZ.B.S5.R4,0,0,0,1,7/19/23,albendazole,ECA882,5,7/7/23,12,4,0.25,4.35,8.901622823,218.275,0,2.175,-8.470937772,12.82093777,0.999,ns,ECA882,N2
ABZ.B.S5.R5,2,3,2,3,7/16/23,albendazole,ECA882,5,7/7/23,9,5,2.5,4.35,8.901622823,218.275,0,2.175,-8.470937772,12.82093777,0.999,ns,ECA882,N2
ABZ.B.S5.R6,0,0,0,0,7/27/23,albendazole,ECA882,5,7/7/23,20,6,0,4.35,8.901622823,218.275,0,2.175,-8.470937772,12.82093777,0.999,ns,ECA882,N2
ABZ.B.S5.R7,25,29,30,33,7/14/23,albendazole,ECA882,5,7/7/23,7,7,29.25,4.35,8.901622823,218.275,0,2.175,-8.470937772,12.82093777,0.999,ns,ECA882,N2
ABZ.B.S5.R8,0,0,0,4,7/27/23,albendazole,ECA882,5,7/7/23,20,8,1,4.35,8.901622823,218.275,0,2.175,-8.470937772,12.82093777,0.999,ns,ECA882,N2
ABZ.B.S5.R9,1,2,1,2,7/16/23,albendazole,ECA882,5,7/7/23,9,9,1.5,4.35,8.901622823,218.275,0,2.175,-8.470937772,12.82093777,0.999,ns,ECA882,N2
ABZ.B.S5.R10,0,1,1,1,7/18/23,albendazole,ECA882,5,7/7/23,11,10,0.75,4.35,8.901622823,218.275,0,2.175,-8.470937772,12.82093777,0.999,ns,ECA882,N2
ABZ.A.S5.R1,0,0,0,1,7/17/23,albendazole,N2,5,7/7/23,10,1,0.25,6.525,10.81565866,232.55,,,,,,,N2,N2
ABZ.A.S5.R2,0,0,0,1,7/27/23,albendazole,N2,5,7/7/23,20,2,0.25,6.525,10.81565866,232.55,,,,,,,N2,N2
ABZ.A.S5.R3,0,0,1,3,7/17/23,albendazole,N2,5,7/7/23,10,3,1,6.525,10.81565866,232.55,,,,,,,N2,N2
ABZ.A.S5.R4,0,0,0,3,7/27/23,albendazole,N2,5,7/7/23,20,4,0.75,6.525,10.81565866,232.55,,,,,,,N2,N2
ABZ.A.S5.R5,0,1,0,1,7/18/23,albendazole,N2,5,7/7/23,11,5,0.5,6.525,10.81565866,232.55,,,,,,,N2,N2
ABZ.A.S5.R6,0,2,2,5,7/18/23,albendazole,N2,5,7/7/23,11,6,2.25,6.525,10.81565866,232.55,,,,,,,N2,N2
ABZ.A.S5.R7,23,25,25,31,7/14/23,albendazole,N2,5,7/7/23,7,7,26,6.525,10.81565866,232.55,,,,,,,N2,N2
ABZ.A.S5.R8,5,6,7,7,7/16/23,albendazole,N2,5,7/7/23,9,8,6.25,6.525,10.81565866,232.55,,,,,,,N2,N2
ABZ.A.S5.R9,0,1,0,1,7/14/23,albendazole,N2,5,7/7/23,7,9,0.5,6.525,10.81565866,232.55,,,,,,,N2,N2
ABZ.A.S5.R10,27,29,23,31,7/19/23,albendazole,N2,5,7/7/23,12,10,27.5,6.525,10.81565866,232.55,,,,,,,N2,N2
ABZ.E.S5.R3,0,0,0,3,7/27/23,albendazole,PHX2481,5,7/7/23,20,3,0.75,2.725,4.144021799,150.925,0,-4.096428571,-15.82768063,7.634823486,0.97,ns,PHX2481,N2
ABZ.E.S5.R5,2,0,0,3,7/27/23,albendazole,PHX2481,5,7/7/23,20,5,1.25,2.725,4.144021799,150.925,0,-4.096428571,-15.82768063,7.634823486,0.97,ns,PHX2481,N2
ABZ.E.S5.R6,1,1,1,2,7/17/23,albendazole,PHX2481,5,7/7/23,10,6,1.25,2.725,4.144021799,150.925,0,-4.096428571,-15.82768063,7.634823486,0.97,ns,PHX2481,N2
ABZ.E.S5.R7,1,1,2,3,7/18/23,albendazole,PHX2481,5,7/7/23,11,7,1.75,2.725,4.144021799,150.925,0,-4.096428571,-15.82768063,7.634823486,0.97,ns,PHX2481,N2
ABZ.E.S5.R8,11,10,11,13,7/14/23,albendazole,PHX2481,5,7/7/23,7,8,11.25,2.725,4.144021799,150.925,0,-4.096428571,-15.82768063,7.634823486,0.97,ns,PHX2481,N2
ABZ.E.S5.R9,0,1,0,0,7/16/23,albendazole,PHX2481,5,7/7/23,9,9,0.25,2.725,4.144021799,150.925,0,-4.096428571,-15.82768063,7.634823486,0.97,ns,PHX2481,N2
ABZ.E.S5.R10,0,0,0,2,7/27/23,albendazole,PHX2481,5,7/7/23,20,10,0.5,2.725,4.144021799,150.925,0,-4.096428571,-15.82768063,7.634823486,0.97,ns,PHX2481,N2
ABZ.D.S5.R2,24,23,22,24,7/15/23,albendazole,PHX2502,5,7/7/23,8,2,23.25,11.52777778,7.585393493,146.75,0,5.19375,-6.097972186,16.48547219,0.865,ns,PHX2502,N2
ABZ.D.S5.R3,17,10,9,14,NA,albendazole,PHX2502,5,7/7/23,06/23/1776,3,12.5,11.52777778,7.585393493,146.75,0,5.19375,-6.097972186,16.48547219,0.865,ns,PHX2502,N2
ABZ.D.S5.R4,25,21,19,25,7/15/23,albendazole,PHX2502,5,7/7/23,8,4,22.5,11.52777778,7.585393493,146.75,0,5.19375,-6.097972186,16.48547219,0.865,ns,PHX2502,N2
ABZ.D.S5.R6,0,0,0,0,NA,albendazole,PHX2502,5,7/7/23,06/23/1776,6,0,11.52777778,7.585393493,146.75,0,5.19375,-6.097972186,16.48547219,0.865,ns,PHX2502,N2
ABZ.D.S5.R7,6,7,6,12,7/16/23,albendazole,PHX2502,5,7/7/23,9,7,7.75,11.52777778,7.585393493,146.75,0,5.19375,-6.097972186,16.48547219,0.865,ns,PHX2502,N2
ABZ.D.S5.R8,9,7,7,12,7/16/23,albendazole,PHX2502,5,7/7/23,9,8,8.75,11.52777778,7.585393493,146.75,0,5.19375,-6.097972186,16.48547219,0.865,ns,PHX2502,N2
ABZ.D.S5.R9,6,3,4,8,7/16/23,albendazole,PHX2502,5,7/7/23,9,9,5.25,11.52777778,7.585393493,146.75,0,5.19375,-6.097972186,16.48547219,0.865,ns,PHX2502,N2
ABZ.D.S5.R10,16,13,10,16,7/16/23,albendazole,PHX2502,5,7/7/23,9,10,13.75,11.52777778,7.585393493,146.75,0,5.19375,-6.097972186,16.48547219,0.865,ns,PHX2502,N2
ABZ.C.S5.R1,2,2,2,3,7/16/23,albendazole,PHX2647,5,7/7/23,9,1,2.25,2.375,4.668526415,204.125,0,-4.15,-14.79593777,6.495937772,0.943,ns,PHX2647,N2
ABZ.C.S5.R2,1,1,1,1,7/27/23,albendazole,PHX2647,5,7/7/23,20,2,1,2.375,4.668526415,204.125,0,-4.15,-14.79593777,6.495937772,0.943,ns,PHX2647,N2
ABZ.C.S5.R3,0,0,0,0,7/27/23,albendazole,PHX2647,5,7/7/23,20,3,0,2.375,4.668526415,204.125,0,-4.15,-14.79593777,6.495937772,0.943,ns,PHX2647,N2
ABZ.C.S5.R4,0,0,0,0,7/27/23,albendazole,PHX2647,5,7/7/23,20,4,0,2.375,4.668526415,204.125,0,-4.15,-14.79593777,6.495937772,0.943,ns,PHX2647,N2
ABZ.C.S5.R5,1,1,1,1,7/17/23,albendazole,PHX2647,5,7/7/23,10,5,1,2.375,4.668526415,204.125,0,-4.15,-14.79593777,6.495937772,0.943,ns,PHX2647,N2
ABZ.C.S5.R6,0,0,0,1,7/27/23,albendazole,PHX2647,5,7/7/23,20,6,0.25,2.375,4.668526415,204.125,0,-4.15,-14.79593777,6.495937772,0.943,ns,PHX2647,N2
ABZ.C.S5.R7,1,1,0,1,7/27/23,albendazole,PHX2647,5,7/7/23,20,7,0.75,2.375,4.668526415,204.125,0,-4.15,-14.79593777,6.495937772,0.943,ns,PHX2647,N2
ABZ.C.S5.R8,1,1,1,2,7/17/23,albendazole,PHX2647,5,7/7/23,10,8,1.25,2.375,4.668526415,204.125,0,-4.15,-14.79593777,6.495937772,0.943,ns,PHX2647,N2
ABZ.C.S5.R9,2,2,1,2,7/17/23,albendazole,PHX2647,5,7/7/23,10,9,1.75,2.375,4.668526415,204.125,0,-4.15,-14.79593777,6.495937772,0.943,ns,PHX2647,N2
ABZ.C.S5.R10,15,15,15,17,7/16/23,albendazole,PHX2647,5,7/7/23,9,10,15.5,2.375,4.668526415,204.125,0,-4.15,-14.79593777,6.495937772,0.943,ns,PHX2647,N2
ABZ.A.S1.R1,15,29,16,27,7/10/23,albendazole,N2,1,7/3/23,7,1,21.75,28.675,6.66567701,232.55,,,,,,,N2,N2
ABZ.A.S1.R2,20,27,17,33,7/10/23,albendazole,N2,1,7/3/23,7,2,24.25,28.675,6.66567701,232.55,,,,,,,N2,N2
ABZ.A.S1.R3,26,39,24,36,7/10/23,albendazole,N2,1,7/3/23,7,3,31.25,28.675,6.66567701,232.55,,,,,,,N2,N2
ABZ.A.S1.R4,30,31,36,39,7/10/23,albendazole,N2,1,7/3/23,7,4,34,28.675,6.66567701,232.55,,,,,,,N2,N2
ABZ.A.S1.R5,19,23,18,35,7/11/23,albendazole,N2,1,7/3/23,8,5,23.75,28.675,6.66567701,232.55,,,,,,,N2,N2
ABZ.A.S1.R6,24,28,24,39,7/11/23,albendazole,N2,1,7/3/23,8,6,28.75,28.675,6.66567701,232.55,,,,,,,N2,N2
ABZ.A.S1.R7,30,30,25,35,7/11/23,albendazole,N2,1,7/3/23,8,7,30,28.675,6.66567701,232.55,,,,,,,N2,N2
ABZ.A.S1.R8,22,22,21,24,7/11/23,albendazole,N2,1,7/3/23,8,8,22.25,28.675,6.66567701,232.55,,,,,,,N2,N2
ABZ.A.S1.R9,25,27,26,30,7/10/23,albendazole,N2,1,7/3/23,7,9,27,28.675,6.66567701,232.55,,,,,,,N2,N2
ABZ.A.S1.R10,44,44,39,48,7/10/23,albendazole,N2,1,7/3/23,7,10,43.75,28.675,6.66567701,232.55,,,,,,,N2,N2
ABZ.B.S1.R1,23,29,24,32,7/11/23,albendazole,ECA882,1,7/3/23,8,1,27,28.3,5.556277731,218.275,0,0.375,-9.243781563,9.993781563,1,ns,ECA882,N2
ABZ.B.S1.R2,20,27,23,25,7/10/23,albendazole,ECA882,1,7/3/23,7,2,23.75,28.3,5.556277731,218.275,0,0.375,-9.243781563,9.993781563,1,ns,ECA882,N2
ABZ.B.S1.R3,33,36,34,33,7/10/23,albendazole,ECA882,1,7/3/23,7,3,34,28.3,5.556277731,218.275,0,0.375,-9.243781563,9.993781563,1,ns,ECA882,N2
ABZ.B.S1.R4,27,32,33,31,7/10/23,albendazole,ECA882,1,7/3/23,7,4,30.75,28.3,5.556277731,218.275,0,0.375,-9.243781563,9.993781563,1,ns,ECA882,N2
ABZ.B.S1.R5,31,30,29,30,7/10/23,albendazole,ECA882,1,7/3/23,7,5,30,28.3,5.556277731,218.275,0,0.375,-9.243781563,9.993781563,1,ns,ECA882,N2
ABZ.B.S1.R6,30,33,34,33,7/10/23,albendazole,ECA882,1,7/3/23,7,6,32.5,28.3,5.556277731,218.275,0,0.375,-9.243781563,9.993781563,1,ns,ECA882,N2
ABZ.B.S1.R7,19,20,21,21,7/11/23,albendazole,ECA882,1,7/3/23,8,7,20.25,28.3,5.556277731,218.275,0,0.375,-9.243781563,9.993781563,1,ns,ECA882,N2
ABZ.B.S1.R8,19,20,18,20,7/11/23,albendazole,ECA882,1,7/3/23,8,8,19.25,28.3,5.556277731,218.275,0,0.375,-9.243781563,9.993781563,1,ns,ECA882,N2
ABZ.B.S1.R9,27,30,31,34,7/10/23,albendazole,ECA882,1,7/3/23,7,9,30.5,28.3,5.556277731,218.275,0,0.375,-9.243781563,9.993781563,1,ns,ECA882,N2
ABZ.B.S1.R10,32,37,35,36,7/10/23,albendazole,ECA882,1,7/3/23,7,10,35,28.3,5.556277731,218.275,0,0.375,-9.243781563,9.993781563,1,ns,ECA882,N2
ABZ.C.S1.R1,18,21,21,21,7/11/23,albendazole,PHX2647,1,7/3/23,8,1,20.25,21.05,5.384906891,204.125,0,-7.625,-17.24378156,1.993781563,0.233,ns,PHX2647,N2
ABZ.C.S1.R2,24,29,26,28,7/11/23,albendazole,PHX2647,1,7/3/23,8,2,26.75,21.05,5.384906891,204.125,0,-7.625,-17.24378156,1.993781563,0.233,ns,PHX2647,N2
ABZ.C.S1.R3,18,18,19,18,7/11/23,albendazole,PHX2647,1,7/3/23,8,3,18.25,21.05,5.384906891,204.125,0,-7.625,-17.24378156,1.993781563,0.233,ns,PHX2647,N2
ABZ.C.S1.R4,19,23,19,19,7/11/23,albendazole,PHX2647,1,7/3/23,8,4,20,21.05,5.384906891,204.125,0,-7.625,-17.24378156,1.993781563,0.233,ns,PHX2647,N2
ABZ.C.S1.R5,18,19,19,20,7/11/23,albendazole,PHX2647,1,7/3/23,8,5,19,21.05,5.384906891,204.125,0,-7.625,-17.24378156,1.993781563,0.233,ns,PHX2647,N2
ABZ.C.S1.R6,26,38,31,36,7/11/23,albendazole,PHX2647,1,7/3/23,8,6,32.75,21.05,5.384906891,204.125,0,-7.625,-17.24378156,1.993781563,0.233,ns,PHX2647,N2
ABZ.C.S1.R7,20,27,23,22,7/11/23,albendazole,PHX2647,1,7/3/23,8,7,23,21.05,5.384906891,204.125,0,-7.625,-17.24378156,1.993781563,0.233,ns,PHX2647,N2
ABZ.C.S1.R8,12,16,15,19,7/11/23,albendazole,PHX2647,1,7/3/23,8,8,15.5,21.05,5.384906891,204.125,0,-7.625,-17.24378156,1.993781563,0.233,ns,PHX2647,N2
ABZ.C.S1.R9,17,20,21,24,7/11/23,albendazole,PHX2647,1,7/3/23,8,9,20.5,21.05,5.384906891,204.125,0,-7.625,-17.24378156,1.993781563,0.233,ns,PHX2647,N2
ABZ.C.S1.R10,15,13,15,15,7/13/23,albendazole,PHX2647,1,7/3/23,10,10,14.5,21.05,5.384906891,204.125,0,-7.625,-17.24378156,1.993781563,0.233,ns,PHX2647,N2
ABZ.D.S1.R2,10,14,11,16,7/12/23,albendazole,PHX2502,1,7/3/23,9,2,12.75,14.025,6.804257246,146.75,0,-13.59166667,-23.47402529,-3.70930804,0.00117,**,PHX2502,N2
ABZ.D.S1.R3,24,33,27,34,7/11/23,albendazole,PHX2502,1,7/3/23,8,3,29.5,14.025,6.804257246,146.75,0,-13.59166667,-23.47402529,-3.70930804,0.00117,**,PHX2502,N2
ABZ.D.S1.R4,12,13,14,15,7/12/23,albendazole,PHX2502,1,7/3/23,9,4,13.5,14.025,6.804257246,146.75,0,-13.59166667,-23.47402529,-3.70930804,0.00117,**,PHX2502,N2
ABZ.D.S1.R5,10,9,11,15,7/12/23,albendazole,PHX2502,1,7/3/23,9,5,11.25,14.025,6.804257246,146.75,0,-13.59166667,-23.47402529,-3.70930804,0.00117,**,PHX2502,N2
ABZ.D.S1.R6,9,12,10,12,7/12/23,albendazole,PHX2502,1,7/3/23,9,6,10.75,14.025,6.804257246,146.75,0,-13.59166667,-23.47402529,-3.70930804,0.00117,**,PHX2502,N2
ABZ.D.S1.R7,16,18,15,20,7/12/23,albendazole,PHX2502,1,7/3/23,9,7,17.25,14.025,6.804257246,146.75,0,-13.59166667,-23.47402529,-3.70930804,0.00117,**,PHX2502,N2
ABZ.D.S1.R8,8,8,6,11,7/12/23,albendazole,PHX2502,1,7/3/23,9,8,8.25,14.025,6.804257246,146.75,0,-13.59166667,-23.47402529,-3.70930804,0.00117,**,PHX2502,N2
ABZ.D.S1.R9,11,17,9,18,7/11/23,albendazole,PHX2502,1,7/3/23,8,9,13.75,14.025,6.804257246,146.75,0,-13.59166667,-23.47402529,-3.70930804,0.00117,**,PHX2502,N2
ABZ.D.S1.R10,16,21,14,24,7/11/23,albendazole,PHX2502,1,7/3/23,8,10,18.75,14.025,6.804257246,146.75,0,-13.59166667,-23.47402529,-3.70930804,0.00117,**,PHX2502,N2
ABZ.E.S1.R3,32,36,35,38,7/10/23,albendazole,PHX2481,1,7/3/23,7,3,35.25,19.1,14.58033302,150.925,0,-1.925,-12.52438104,8.674381043,1,ns,PHX2481,N2
ABZ.E.S1.R5,41,42,36,40,7/10/23,albendazole,PHX2481,1,7/3/23,7,5,39.75,19.1,14.58033302,150.925,0,-1.925,-12.52438104,8.674381043,1,ns,PHX2481,N2
ABZ.E.S1.R6,20,19,18,23,7/11/23,albendazole,PHX2481,1,7/3/23,8,6,20,19.1,14.58033302,150.925,0,-1.925,-12.52438104,8.674381043,1,ns,PHX2481,N2
ABZ.E.S1.R7,28,32,27,33,7/11/23,albendazole,PHX2481,1,7/3/23,8,7,30,19.1,14.58033302,150.925,0,-1.925,-12.52438104,8.674381043,1,ns,PHX2481,N2
ABZ.E.S1.R8,17,19,13,22,7/11/23,albendazole,PHX2481,1,7/3/23,8,8,17.75,19.1,14.58033302,150.925,0,-1.925,-12.52438104,8.674381043,1,ns,PHX2481,N2
ABZ.E.S1.R9,15,15,12,15,7/11/23,albendazole,PHX2481,1,7/3/23,8,9,14.25,19.1,14.58033302,150.925,0,-1.925,-12.52438104,8.674381043,1,ns,PHX2481,N2
ABZ.E.S1.R10,29,33,24,35,7/11/23,albendazole,PHX2481,1,7/3/23,8,10,30.25,19.1,14.58033302,150.925,0,-1.925,-12.52438104,8.674381043,1,ns,PHX2481,N2
ABZ.F.S1.R2,11,11,7,12,7/12/23,albendazole,ECA2687,1,7/3/23,9,2,10.25,9.175,8.133478482,130.8,0,17.24642857,6.647047529,27.84580961,6e-05,****,ECA2687,N2
ABZ.F.S1.R4,8,9,6,16,7/12/23,albendazole,ECA2687,1,7/3/23,9,4,9.75,9.175,8.133478482,130.8,0,17.24642857,6.647047529,27.84580961,6e-05,****,ECA2687,N2
ABZ.F.S1.R5,5,5,3,7,7/13/23,albendazole,ECA2687,1,7/3/23,10,5,5,9.175,8.133478482,130.8,0,17.24642857,6.647047529,27.84580961,6e-05,****,ECA2687,N2
ABZ.F.S1.R7,13,14,13,18,7/12/23,albendazole,ECA2687,1,7/3/23,9,7,14.5,9.175,8.133478482,130.8,0,17.24642857,6.647047529,27.84580961,6e-05,****,ECA2687,N2
ABZ.F.S1.R8,26,31,28,35,7/11/23,albendazole,ECA2687,1,7/3/23,8,8,30,9.175,8.133478482,130.8,0,17.24642857,6.647047529,27.84580961,6e-05,****,ECA2687,N2
ABZ.F.S1.R9,5,5,5,7,7/12/23,albendazole,ECA2687,1,7/3/23,9,9,5.5,9.175,8.133478482,130.8,0,17.24642857,6.647047529,27.84580961,6e-05,****,ECA2687,N2
ABZ.F.S1.R10,2,3,2,13,7/12/23,albendazole,ECA2687,1,7/3/23,9,10,5,9.175,8.133478482,130.8,0,17.24642857,6.647047529,27.84580961,6e-05,****,ECA2687,N2
ABZ.G.S1.R1,18,24,21,24,7/11/23,albendazole,ECA2688,1,7/3/23,8,1,21.75,22.175,4.54308082,226.1,0,6.5,-3.118781563,16.11878156,0.442,ns,ECA2688,N2
ABZ.G.S1.R2,19,26,21,22,7/11/23,albendazole,ECA2688,1,7/3/23,8,2,22,22.175,4.54308082,226.1,0,6.5,-3.118781563,16.11878156,0.442,ns,ECA2688,N2
ABZ.G.S1.R3,26,32,30,30,7/11/23,albendazole,ECA2688,1,7/3/23,8,3,29.5,22.175,4.54308082,226.1,0,6.5,-3.118781563,16.11878156,0.442,ns,ECA2688,N2
ABZ.G.S1.R4,14,20,14,15,7/11/23,albendazole,ECA2688,1,7/3/23,8,4,15.75,22.175,4.54308082,226.1,0,6.5,-3.118781563,16.11878156,0.442,ns,ECA2688,N2
ABZ.G.S1.R5,27,31,25,32,7/11/23,albendazole,ECA2688,1,7/3/23,8,5,28.75,22.175,4.54308082,226.1,0,6.5,-3.118781563,16.11878156,0.442,ns,ECA2688,N2
ABZ.G.S1.R6,24,27,21,22,7/11/23,albendazole,ECA2688,1,7/3/23,8,6,23.5,22.175,4.54308082,226.1,0,6.5,-3.118781563,16.11878156,0.442,ns,ECA2688,N2
ABZ.G.S1.R7,19,25,19,25,7/11/23,albendazole,ECA2688,1,7/3/23,8,7,22,22.175,4.54308082,226.1,0,6.5,-3.118781563,16.11878156,0.442,ns,ECA2688,N2
ABZ.G.S1.R8,20,23,18,26,7/11/23,albendazole,ECA2688,1,7/3/23,8,8,21.75,22.175,4.54308082,226.1,0,6.5,-3.118781563,16.11878156,0.442,ns,ECA2688,N2
ABZ.G.S1.R9,16,16,11,19,7/11/23,albendazole,ECA2688,1,7/3/23,8,9,15.5,22.175,4.54308082,226.1,0,6.5,-3.118781563,16.11878156,0.442,ns,ECA2688,N2
ABZ.G.S1.R10,14,26,19,26,7/11/23,albendazole,ECA2688,1,7/3/23,8,10,21.25,22.175,4.54308082,226.1,0,6.5,-3.118781563,16.11878156,0.442,ns,ECA2688,N2
ABZ.H.S1.R1,6,10,7,9,7/12/23,albendazole,ECA2689,1,7/3/23,9,1,8,18.425,7.738836045,177.25,0,10.25,0.631218437,19.86878156,0.028,*,ECA2689,N2
ABZ.H.S1.R2,15,20,18,24,7/13/23,albendazole,ECA2689,1,7/3/23,10,2,19.25,18.425,7.738836045,177.25,0,10.25,0.631218437,19.86878156,0.028,*,ECA2689,N2
ABZ.H.S1.R3,19,23,21,25,7/12/23,albendazole,ECA2689,1,7/3/23,9,3,22,18.425,7.738836045,177.25,0,10.25,0.631218437,19.86878156,0.028,*,ECA2689,N2
ABZ.H.S1.R4,14,20,15,20,7/12/23,albendazole,ECA2689,1,7/3/23,9,4,17.25,18.425,7.738836045,177.25,0,10.25,0.631218437,19.86878156,0.028,*,ECA2689,N2
ABZ.H.S1.R5,14,19,14,18,7/12/23,albendazole,ECA2689,1,7/3/23,9,5,16.25,18.425,7.738836045,177.25,0,10.25,0.631218437,19.86878156,0.028,*,ECA2689,N2
ABZ.H.S1.R6,13,15,14,13,7/12/23,albendazole,ECA2689,1,7/3/23,9,6,13.75,18.425,7.738836045,177.25,0,10.25,0.631218437,19.86878156,0.028,*,ECA2689,N2
ABZ.H.S1.R7,33,45,32,41,7/11/23,albendazole,ECA2689,1,7/3/23,8,7,37.75,18.425,7.738836045,177.25,0,10.25,0.631218437,19.86878156,0.028,*,ECA2689,N2
ABZ.H.S1.R8,13,18,14,15,7/12/23,albendazole,ECA2689,1,7/3/23,9,8,15,18.425,7.738836045,177.25,0,10.25,0.631218437,19.86878156,0.028,*,ECA2689,N2
ABZ.H.S1.R9,18,18,18,20,7/11/23,albendazole,ECA2689,1,7/3/23,8,9,18.5,18.425,7.738836045,177.25,0,10.25,0.631218437,19.86878156,0.028,*,ECA2689,N2
ABZ.H.S1.R10,16,20,11,19,7/11/23,albendazole,ECA2689,1,7/3/23,8,10,16.5,18.425,7.738836045,177.25,0,10.25,0.631218437,19.86878156,0.028,*,ECA2689,N2
ABZ.I.S1.R1,3,14,3,7,7/27/23,albendazole,ECA2690,1,7/3/23,24,1,6.75,9.9,6.002545756,110.275,0,17.51875,7.316491495,27.7210085,1.95e-05,****,ECA2690,N2
ABZ.I.S1.R3,4,11,5,6,7/13/23,albendazole,ECA2690,1,7/3/23,10,3,6.5,9.9,6.002545756,110.275,0,17.51875,7.316491495,27.7210085,1.95e-05,****,ECA2690,N2
ABZ.I.S1.R5,4,19,12,12,7/12/23,albendazole,ECA2690,1,7/3/23,9,5,11.75,9.9,6.002545756,110.275,0,17.51875,7.316491495,27.7210085,1.95e-05,****,ECA2690,N2
ABZ.I.S1.R6,19,29,25,27,7/12/23,albendazole,ECA2690,1,7/3/23,9,6,25,9.9,6.002545756,110.275,0,17.51875,7.316491495,27.7210085,1.95e-05,****,ECA2690,N2
ABZ.I.S1.R7,7,16,12,12,7/12/23,albendazole,ECA2690,1,7/3/23,9,7,11.75,9.9,6.002545756,110.275,0,17.51875,7.316491495,27.7210085,1.95e-05,****,ECA2690,N2
ABZ.I.S1.R8,6,18,7,11,7/12/23,albendazole,ECA2690,1,7/3/23,9,8,10.5,9.9,6.002545756,110.275,0,17.51875,7.316491495,27.7210085,1.95e-05,****,ECA2690,N2
ABZ.I.S1.R9,5,10,6,6,7/12/23,albendazole,ECA2690,1,7/3/23,9,9,6.75,9.9,6.002545756,110.275,0,17.51875,7.316491495,27.7210085,1.95e-05,****,ECA2690,N2
ABZ.I.S1.R10,6,16,6,13,7/12/23,albendazole,ECA2690,1,7/3/23,9,10,10.25,9.9,6.002545756,110.275,0,17.51875,7.316491495,27.7210085,1.95e-05,****,ECA2690,N2
ABZ.A.S2.R1,78,71,76,78,7/10/23,albendazole,N2,2,7/4/23,6,1,75.75,89.75,9.496344326,232.55,,,,,,,N2,N2
ABZ.A.S2.R2,108,98,103,109,7/10/23,albendazole,N2,2,7/4/23,6,2,104.5,89.75,9.496344326,232.55,,,,,,,N2,N2
ABZ.A.S2.R3,107,104,102,104,7/10/23,albendazole,N2,2,7/4/23,6,3,104.25,89.75,9.496344326,232.55,,,,,,,N2,N2
ABZ.A.S2.R4,95,83,92,87,7/10/23,albendazole,N2,2,7/4/23,6,4,89.25,89.75,9.496344326,232.55,,,,,,,N2,N2
ABZ.A.S2.R5,92,92,91,96,7/10/23,albendazole,N2,2,7/4/23,6,5,92.75,89.75,9.496344326,232.55,,,,,,,N2,N2
ABZ.A.S2.R6,94,93,90,96,7/10/23,albendazole,N2,2,7/4/23,6,6,93.25,89.75,9.496344326,232.55,,,,,,,N2,N2
ABZ.A.S2.R7,89,84,84,87,7/10/23,albendazole,N2,2,7/4/23,6,7,86,89.75,9.496344326,232.55,,,,,,,N2,N2
ABZ.A.S2.R8,88,77,84,88,7/10/23,albendazole,N2,2,7/4/23,6,8,84.25,89.75,9.496344326,232.55,,,,,,,N2,N2
ABZ.A.S2.R9,80,80,77,78,7/10/23,albendazole,N2,2,7/4/23,6,9,78.75,89.75,9.496344326,232.55,,,,,,,N2,N2
ABZ.A.S2.R10,88,88,86,93,7/10/23,albendazole,N2,2,7/4/23,6,10,88.75,89.75,9.496344326,232.55,,,,,,,N2,N2
ABZ.B.S2.R1,78,74,82,78,7/10/23,albendazole,ECA882,2,7/4/23,6,1,78,86.625,17.41138277,218.275,0,3.125,-16.42228341,22.67228341,1,ns,ECA882,N2
ABZ.B.S2.R2,87,80,80,79,7/10/23,albendazole,ECA882,2,7/4/23,6,2,81.5,86.625,17.41138277,218.275,0,3.125,-16.42228341,22.67228341,1,ns,ECA882,N2
ABZ.B.S2.R3,108,105,96,93,7/10/23,albendazole,ECA882,2,7/4/23,6,3,100.5,86.625,17.41138277,218.275,0,3.125,-16.42228341,22.67228341,1,ns,ECA882,N2
ABZ.B.S2.R4,106,104,100,100,7/10/23,albendazole,ECA882,2,7/4/23,6,4,102.5,86.625,17.41138277,218.275,0,3.125,-16.42228341,22.67228341,1,ns,ECA882,N2
ABZ.B.S2.R5,97,96,87,94,7/10/23,albendazole,ECA882,2,7/4/23,6,5,93.5,86.625,17.41138277,218.275,0,3.125,-16.42228341,22.67228341,1,ns,ECA882,N2
ABZ.B.S2.R6,78,71,72,76,7/10/23,albendazole,ECA882,2,7/4/23,6,6,74.25,86.625,17.41138277,218.275,0,3.125,-16.42228341,22.67228341,1,ns,ECA882,N2
ABZ.B.S2.R7,68,67,66,66,7/10/23,albendazole,ECA882,2,7/4/23,6,7,66.75,86.625,17.41138277,218.275,0,3.125,-16.42228341,22.67228341,1,ns,ECA882,N2
ABZ.B.S2.R8,69,53,58,61,7/10/23,albendazole,ECA882,2,7/4/23,6,8,60.25,86.625,17.41138277,218.275,0,3.125,-16.42228341,22.67228341,1,ns,ECA882,N2
ABZ.B.S2.R9,115,118,112,118,7/10/23,albendazole,ECA882,2,7/4/23,6,9,115.75,86.625,17.41138277,218.275,0,3.125,-16.42228341,22.67228341,1,ns,ECA882,N2
ABZ.B.S2.R10,95,90,89,99,7/11/23,albendazole,ECA882,2,7/4/23,7,10,93.25,86.625,17.41138277,218.275,0,3.125,-16.42228341,22.67228341,1,ns,ECA882,N2
ABZ.C.S2.R1,67,70,65,70,7/11/23,albendazole,PHX2647,2,7/4/23,7,1,68,70.975,13.70951109,204.125,0,-18.775,-38.32228341,0.772283414,0.0695,ns,PHX2647,N2
ABZ.C.S2.R2,65,67,64,71,7/11/23,albendazole,PHX2647,2,7/4/23,7,2,66.75,70.975,13.70951109,204.125,0,-18.775,-38.32228341,0.772283414,0.0695,ns,PHX2647,N2
ABZ.C.S2.R3,64,62,56,64,7/11/23,albendazole,PHX2647,2,7/4/23,7,3,61.5,70.975,13.70951109,204.125,0,-18.775,-38.32228341,0.772283414,0.0695,ns,PHX2647,N2
ABZ.C.S2.R4,79,79,76,81,7/11/23,albendazole,PHX2647,2,7/4/23,7,4,78.75,70.975,13.70951109,204.125,0,-18.775,-38.32228341,0.772283414,0.0695,ns,PHX2647,N2
ABZ.C.S2.R5,81,89,80,86,7/10/23,albendazole,PHX2647,2,7/4/23,6,5,84,70.975,13.70951109,204.125,0,-18.775,-38.32228341,0.772283414,0.0695,ns,PHX2647,N2
ABZ.C.S2.R6,48,49,48,46,7/11/23,albendazole,PHX2647,2,7/4/23,7,6,47.75,70.975,13.70951109,204.125,0,-18.775,-38.32228341,0.772283414,0.0695,ns,PHX2647,N2
ABZ.C.S2.R7,82,82,85,88,7/10/23,albendazole,PHX2647,2,7/4/23,6,7,84.25,70.975,13.70951109,204.125,0,-18.775,-38.32228341,0.772283414,0.0695,ns,PHX2647,N2
ABZ.C.S2.R8,77,79,72,76,7/10/23,albendazole,PHX2647,2,7/4/23,6,8,76,70.975,13.70951109,204.125,0,-18.775,-38.32228341,0.772283414,0.0695,ns,PHX2647,N2
ABZ.C.S2.R9,87,89,90,89,7/10/23,albendazole,PHX2647,2,7/4/23,6,9,88.75,70.975,13.70951109,204.125,0,-18.775,-38.32228341,0.772283414,0.0695,ns,PHX2647,N2
ABZ.C.S2.R10,54,51,53,58,NA,albendazole,PHX2647,2,7/4/23,06/26/1776,10,54,70.975,13.70951109,204.125,0,-18.775,-38.32228341,0.772283414,0.0695,ns,PHX2647,N2
ABZ.D.S2.R2,53,54,54,57,7/11/23,albendazole,PHX2502,2,7/4/23,7,2,54.5,45.85,14.40688493,146.75,0,-40.69444444,-60.77736904,-20.61151984,3.49e-07,****,PHX2502,N2
ABZ.D.S2.R3,71,70,72,70,7/11/23,albendazole,PHX2502,2,7/4/23,7,3,70.75,45.85,14.40688493,146.75,0,-40.69444444,-60.77736904,-20.61151984,3.49e-07,****,PHX2502,N2
ABZ.D.S2.R4,41,33,29,37,7/12/23,albendazole,PHX2502,2,7/4/23,8,4,35,45.85,14.40688493,146.75,0,-40.69444444,-60.77736904,-20.61151984,3.49e-07,****,PHX2502,N2
ABZ.D.S2.R5,47,43,44,45,7/11/23,albendazole,PHX2502,2,7/4/23,7,5,44.75,45.85,14.40688493,146.75,0,-40.69444444,-60.77736904,-20.61151984,3.49e-07,****,PHX2502,N2
ABZ.D.S2.R6,51,49,45,46,7/11/23,albendazole,PHX2502,2,7/4/23,7,6,47.75,45.85,14.40688493,146.75,0,-40.69444444,-60.77736904,-20.61151984,3.49e-07,****,PHX2502,N2
ABZ.D.S2.R7,47,43,46,46,7/11/23,albendazole,PHX2502,2,7/4/23,7,7,45.5,45.85,14.40688493,146.75,0,-40.69444444,-60.77736904,-20.61151984,3.49e-07,****,PHX2502,N2
ABZ.D.S2.R8,44,41,41,40,7/11/23,albendazole,PHX2502,2,7/4/23,7,8,41.5,45.85,14.40688493,146.75,0,-40.69444444,-60.77736904,-20.61151984,3.49e-07,****,PHX2502,N2
ABZ.D.S2.R9,47,44,40,38,7/11/23,albendazole,PHX2502,2,7/4/23,7,9,42.25,45.85,14.40688493,146.75,0,-40.69444444,-60.77736904,-20.61151984,3.49e-07,****,PHX2502,N2
ABZ.D.S2.R10,61,62,55,60,7/11/23,albendazole,PHX2502,2,7/4/23,7,10,59.5,45.85,14.40688493,146.75,0,-40.69444444,-60.77736904,-20.61151984,3.49e-07,****,PHX2502,N2
ABZ.E.S2.R3,106,109,101,107,7/10/23,albendazole,PHX2481,2,7/4/23,6,3,105.75,63.95,45.33345588,150.925,0,1.571428571,-19.96862865,23.11148579,1,ns,PHX2481,N2
ABZ.E.S2.R5,77,73,69,69,7/11/23,albendazole,PHX2481,2,7/4/23,7,5,72,63.95,45.33345588,150.925,0,1.571428571,-19.96862865,23.11148579,1,ns,PHX2481,N2
ABZ.E.S2.R6,85,85,80,83,7/11/23,albendazole,PHX2481,2,7/4/23,7,6,83.25,63.95,45.33345588,150.925,0,1.571428571,-19.96862865,23.11148579,1,ns,PHX2481,N2
ABZ.E.S2.R7,86,95,75,86,7/10/23,albendazole,PHX2481,2,7/4/23,6,7,85.5,63.95,45.33345588,150.925,0,1.571428571,-19.96862865,23.11148579,1,ns,PHX2481,N2
ABZ.E.S2.R8,92,91,87,87,7/10/23,albendazole,PHX2481,2,7/4/23,6,8,89.25,63.95,45.33345588,150.925,0,1.571428571,-19.96862865,23.11148579,1,ns,PHX2481,N2
ABZ.E.S2.R9,111,112,105,109,7/10/23,albendazole,PHX2481,2,7/4/23,6,9,109.25,63.95,45.33345588,150.925,0,1.571428571,-19.96862865,23.11148579,1,ns,PHX2481,N2
ABZ.E.S2.R10,99,103,85,90,7/10/23,albendazole,PHX2481,2,7/4/23,6,10,94.25,63.95,45.33345588,150.925,0,1.571428571,-19.96862865,23.11148579,1,ns,PHX2481,N2
ABZ.F.S2.R2,34,27,26,27,7/12/23,albendazole,ECA2687,2,7/4/23,8,2,28.5,37.5,13.54108973,130.8,0,46.85714286,25.31708564,68.39720008,4.7e-08,****,ECA2687,N2
ABZ.F.S2.R4,49,50,48,48,7/12/23,albendazole,ECA2687,2,7/4/23,8,4,48.75,37.5,13.54108973,130.8,0,46.85714286,25.31708564,68.39720008,4.7e-08,****,ECA2687,N2
ABZ.F.S2.R5,38,39,32,40,7/12/23,albendazole,ECA2687,2,7/4/23,8,5,37.25,37.5,13.54108973,130.8,0,46.85714286,25.31708564,68.39720008,4.7e-08,****,ECA2687,N2
ABZ.F.S2.R7,52,50,43,52,7/12/23,albendazole,ECA2687,2,7/4/23,8,7,49.25,37.5,13.54108973,130.8,0,46.85714286,25.31708564,68.39720008,4.7e-08,****,ECA2687,N2
ABZ.F.S2.R8,52,55,51,54,7/11/23,albendazole,ECA2687,2,7/4/23,7,8,53,37.5,13.54108973,130.8,0,46.85714286,25.31708564,68.39720008,4.7e-08,****,ECA2687,N2
ABZ.F.S2.R9,49,45,47,40,7/12/23,albendazole,ECA2687,2,7/4/23,8,9,45.25,37.5,13.54108973,130.8,0,46.85714286,25.31708564,68.39720008,4.7e-08,****,ECA2687,N2
ABZ.F.S2.R10,41,39,37,36,7/11/23,albendazole,ECA2687,2,7/4/23,7,10,38.25,37.5,13.54108973,130.8,0,46.85714286,25.31708564,68.39720008,4.7e-08,****,ECA2687,N2
ABZ.G.S2.R1,104,111,104,105,7/11/23,albendazole,ECA2688,2,7/4/23,7,1,106,90.75,17.61982785,226.1,0,-1,-20.54728341,18.54728341,1,ns,ECA2688,N2
ABZ.G.S2.R2,75,81,80,78,7/11/23,albendazole,ECA2688,2,7/4/23,7,2,78.5,90.75,17.61982785,226.1,0,-1,-20.54728341,18.54728341,1,ns,ECA2688,N2
ABZ.G.S2.R3,75,70,69,72,7/11/23,albendazole,ECA2688,2,7/4/23,7,3,71.5,90.75,17.61982785,226.1,0,-1,-20.54728341,18.54728341,1,ns,ECA2688,N2
ABZ.G.S2.R4,70,76,67,74,7/11/23,albendazole,ECA2688,2,7/4/23,7,4,71.75,90.75,17.61982785,226.1,0,-1,-20.54728341,18.54728341,1,ns,ECA2688,N2
ABZ.G.S2.R5,71,79,61,70,7/11/23,albendazole,ECA2688,2,7/4/23,7,5,70.25,90.75,17.61982785,226.1,0,-1,-20.54728341,18.54728341,1,ns,ECA2688,N2
ABZ.G.S2.R6,104,109,103,114,7/10/23,albendazole,ECA2688,2,7/4/23,6,6,107.5,90.75,17.61982785,226.1,0,-1,-20.54728341,18.54728341,1,ns,ECA2688,N2
ABZ.G.S2.R7,88,89,83,92,7/11/23,albendazole,ECA2688,2,7/4/23,7,7,88,90.75,17.61982785,226.1,0,-1,-20.54728341,18.54728341,1,ns,ECA2688,N2
ABZ.G.S2.R8,99,104,91,97,7/10/23,albendazole,ECA2688,2,7/4/23,6,8,97.75,90.75,17.61982785,226.1,0,-1,-20.54728341,18.54728341,1,ns,ECA2688,N2
ABZ.G.S2.R9,98,105,86,93,7/10/23,albendazole,ECA2688,2,7/4/23,6,9,95.5,90.75,17.61982785,226.1,0,-1,-20.54728341,18.54728341,1,ns,ECA2688,N2
ABZ.G.S2.R10,124,123,112,124,7/10/23,albendazole,ECA2688,2,7/4/23,6,10,120.75,90.75,17.61982785,226.1,0,-1,-20.54728341,18.54728341,1,ns,ECA2688,N2
ABZ.H.S2.R1,54,55,47,59,7/12/23,albendazole,ECA2689,2,7/4/23,8,1,53.75,54.725,15.36113874,177.25,0,35.025,15.47771659,54.57228341,7.53e-06,****,ECA2689,N2
ABZ.H.S2.R2,20,21,19,24,7/12/23,albendazole,ECA2689,2,7/4/23,8,2,21,54.725,15.36113874,177.25,0,35.025,15.47771659,54.57228341,7.53e-06,****,ECA2689,N2
ABZ.H.S2.R3,52,52,51,53,7/11/23,albendazole,ECA2689,2,7/4/23,7,3,52,54.725,15.36113874,177.25,0,35.025,15.47771659,54.57228341,7.53e-06,****,ECA2689,N2
ABZ.H.S2.R4,60,61,60,65,7/11/23,albendazole,ECA2689,2,7/4/23,7,4,61.5,54.725,15.36113874,177.25,0,35.025,15.47771659,54.57228341,7.53e-06,****,ECA2689,N2
ABZ.H.S2.R5,43,41,40,42,7/11/23,albendazole,ECA2689,2,7/4/23,7,5,41.5,54.725,15.36113874,177.25,0,35.025,15.47771659,54.57228341,7.53e-06,****,ECA2689,N2
ABZ.H.S2.R6,61,64,57,63,7/12/23,albendazole,ECA2689,2,7/4/23,8,6,61.25,54.725,15.36113874,177.25,0,35.025,15.47771659,54.57228341,7.53e-06,****,ECA2689,N2
ABZ.H.S2.R7,64,66,62,68,7/11/23,albendazole,ECA2689,2,7/4/23,7,7,65,54.725,15.36113874,177.25,0,35.025,15.47771659,54.57228341,7.53e-06,****,ECA2689,N2
ABZ.H.S2.R8,76,76,72,78,7/11/23,albendazole,ECA2689,2,7/4/23,7,8,75.5,54.725,15.36113874,177.25,0,35.025,15.47771659,54.57228341,7.53e-06,****,ECA2689,N2
ABZ.H.S2.R9,67,65,67,68,7/11/23,albendazole,ECA2689,2,7/4/23,7,9,66.75,54.725,15.36113874,177.25,0,35.025,15.47771659,54.57228341,7.53e-06,****,ECA2689,N2
ABZ.H.S2.R10,49,49,47,51,7/11/23,albendazole,ECA2689,2,7/4/23,7,10,49,54.725,15.36113874,177.25,0,35.025,15.47771659,54.57228341,7.53e-06,****,ECA2689,N2
ABZ.I.S2.R1,22,22,21,22,7/12/23,albendazole,ECA2690,2,7/4/23,8,1,21.75,30.35,18.20569203,110.275,0,52.1875,31.45447502,72.92052498,3.58e-10,****,ECA2690,N2
ABZ.I.S2.R3,29,33,32,30,7/12/23,albendazole,ECA2690,2,7/4/23,8,3,31,30.35,18.20569203,110.275,0,52.1875,31.45447502,72.92052498,3.58e-10,****,ECA2690,N2
ABZ.I.S2.R5,46,42,42,43,7/11/23,albendazole,ECA2690,2,7/4/23,7,5,43.25,30.35,18.20569203,110.275,0,52.1875,31.45447502,72.92052498,3.58e-10,****,ECA2690,N2
ABZ.I.S2.R6,44,40,41,38,7/11/23,albendazole,ECA2690,2,7/4/23,7,6,40.75,30.35,18.20569203,110.275,0,52.1875,31.45447502,72.92052498,3.58e-10,****,ECA2690,N2
ABZ.I.S2.R7,50,43,46,48,7/11/23,albendazole,ECA2690,2,7/4/23,7,7,46.75,30.35,18.20569203,110.275,0,52.1875,31.45447502,72.92052498,3.58e-10,****,ECA2690,N2
ABZ.I.S2.R8,39,40,37,39,7/11/23,albendazole,ECA2690,2,7/4/23,7,8,38.75,30.35,18.20569203,110.275,0,52.1875,31.45447502,72.92052498,3.58e-10,****,ECA2690,N2
ABZ.I.S2.R9,26,24,23,22,7/11/23,albendazole,ECA2690,2,7/4/23,7,9,23.75,30.35,18.20569203,110.275,0,52.1875,31.45447502,72.92052498,3.58e-10,****,ECA2690,N2
ABZ.I.S2.R10,56,58,51,53,7/11/23,albendazole,ECA2690,2,7/4/23,7,10,54.5,30.35,18.20569203,110.275,0,52.1875,31.45447502,72.92052498,3.58e-10,****,ECA2690,N2
ABZ.A.S3.R1,77,73,72,74,7/11/23,albendazole,N2,3,7/5/23,6,1,74,83.325,15.34422168,232.55,,,,,,,N2,N2
ABZ.A.S3.R2,103,100,106,102,7/11/23,albendazole,N2,3,7/5/23,6,2,102.75,83.325,15.34422168,232.55,,,,,,,N2,N2
ABZ.A.S3.R3,84,83,84,85,7/11/23,albendazole,N2,3,7/5/23,6,3,84,83.325,15.34422168,232.55,,,,,,,N2,N2
ABZ.A.S3.R4,97,98,95,98,7/11/23,albendazole,N2,3,7/5/23,6,4,97,83.325,15.34422168,232.55,,,,,,,N2,N2
ABZ.A.S3.R5,95,95,93,96,7/11/23,albendazole,N2,3,7/5/23,6,5,94.75,83.325,15.34422168,232.55,,,,,,,N2,N2
ABZ.A.S3.R6,75,72,75,75,7/11/23,albendazole,N2,3,7/5/23,6,6,74.25,83.325,15.34422168,232.55,,,,,,,N2,N2
ABZ.A.S3.R7,49,50,50,49,7/12/23,albendazole,N2,3,7/5/23,7,7,49.5,83.325,15.34422168,232.55,,,,,,,N2,N2
ABZ.A.S3.R8,81,77,78,77,7/11/23,albendazole,N2,3,7/5/23,6,8,78.25,83.325,15.34422168,232.55,,,,,,,N2,N2
ABZ.A.S3.R9,90,89,91,97,7/11/23,albendazole,N2,3,7/5/23,6,9,91.75,83.325,15.34422168,232.55,,,,,,,N2,N2
ABZ.A.S3.R10,86,91,85,86,7/11/23,albendazole,N2,3,7/5/23,6,10,87,83.325,15.34422168,232.55,,,,,,,N2,N2
ABZ.B.S3.R1,66,68,66,71,7/11/23,albendazole,ECA882,3,7/5/23,6,1,67.75,83.15,11.49770509,218.275,0,0.175,-17.35321209,17.70321209,1,ns,ECA882,N2
ABZ.B.S3.R2,80,76,81,80,7/11/23,albendazole,ECA882,3,7/5/23,6,2,79.25,83.15,11.49770509,218.275,0,0.175,-17.35321209,17.70321209,1,ns,ECA882,N2
ABZ.B.S3.R3,85,82,89,90,7/11/23,albendazole,ECA882,3,7/5/23,6,3,86.5,83.15,11.49770509,218.275,0,0.175,-17.35321209,17.70321209,1,ns,ECA882,N2
ABZ.B.S3.R4,86,82,84,85,7/11/23,albendazole,ECA882,3,7/5/23,6,4,84.25,83.15,11.49770509,218.275,0,0.175,-17.35321209,17.70321209,1,ns,ECA882,N2
ABZ.B.S3.R5,88,86,91,91,7/11/23,albendazole,ECA882,3,7/5/23,6,5,89,83.15,11.49770509,218.275,0,0.175,-17.35321209,17.70321209,1,ns,ECA882,N2
ABZ.B.S3.R6,87,105,87,89,7/11/23,albendazole,ECA882,3,7/5/23,6,6,92,83.15,11.49770509,218.275,0,0.175,-17.35321209,17.70321209,1,ns,ECA882,N2
ABZ.B.S3.R7,93,92,92,94,7/11/23,albendazole,ECA882,3,7/5/23,6,7,92.75,83.15,11.49770509,218.275,0,0.175,-17.35321209,17.70321209,1,ns,ECA882,N2
ABZ.B.S3.R8,62,63,63,62,7/12/23,albendazole,ECA882,3,7/5/23,7,8,62.5,83.15,11.49770509,218.275,0,0.175,-17.35321209,17.70321209,1,ns,ECA882,N2
ABZ.B.S3.R9,101,99,99,99,7/11/23,albendazole,ECA882,3,7/5/23,6,9,99.5,83.15,11.49770509,218.275,0,0.175,-17.35321209,17.70321209,1,ns,ECA882,N2
ABZ.B.S3.R10,81,78,76,77,7/11/23,albendazole,ECA882,3,7/5/23,6,10,78,83.15,11.49770509,218.275,0,0.175,-17.35321209,17.70321209,1,ns,ECA882,N2
ABZ.C.S3.R1,81,80,83,83,7/11/23,albendazole,PHX2647,3,7/5/23,6,1,81.75,69.95,12.10245613,204.125,0,-13.375,-30.90321209,4.153212087,0.279,ns,PHX2647,N2
ABZ.C.S3.R2,56,56,60,56,7/12/23,albendazole,PHX2647,3,7/5/23,7,2,57,69.95,12.10245613,204.125,0,-13.375,-30.90321209,4.153212087,0.279,ns,PHX2647,N2
ABZ.C.S3.R3,63,65,63,62,7/12/23,albendazole,PHX2647,3,7/5/23,7,3,63.25,69.95,12.10245613,204.125,0,-13.375,-30.90321209,4.153212087,0.279,ns,PHX2647,N2
ABZ.C.S3.R4,61,64,62,69,7/12/23,albendazole,PHX2647,3,7/5/23,7,4,64,69.95,12.10245613,204.125,0,-13.375,-30.90321209,4.153212087,0.279,ns,PHX2647,N2
ABZ.C.S3.R5,82,86,88,88,7/12/23,albendazole,PHX2647,3,7/5/23,7,5,86,69.95,12.10245613,204.125,0,-13.375,-30.90321209,4.153212087,0.279,ns,PHX2647,N2
ABZ.C.S3.R6,64,71,66,71,7/12/23,albendazole,PHX2647,3,7/5/23,7,6,68,69.95,12.10245613,204.125,0,-13.375,-30.90321209,4.153212087,0.279,ns,PHX2647,N2
ABZ.C.S3.R7,56,60,53,63,7/12/23,albendazole,PHX2647,3,7/5/23,7,7,58,69.95,12.10245613,204.125,0,-13.375,-30.90321209,4.153212087,0.279,ns,PHX2647,N2
ABZ.C.S3.R8,81,83,77,84,7/12/23,albendazole,PHX2647,3,7/5/23,7,8,81.25,69.95,12.10245613,204.125,0,-13.375,-30.90321209,4.153212087,0.279,ns,PHX2647,N2
ABZ.C.S3.R9,84,85,84,84,7/12/23,albendazole,PHX2647,3,7/5/23,7,9,84.25,69.95,12.10245613,204.125,0,-13.375,-30.90321209,4.153212087,0.279,ns,PHX2647,N2
ABZ.C.S3.R10,59,58,49,58,7/13/23,albendazole,PHX2647,3,7/5/23,8,10,56,69.95,12.10245613,204.125,0,-13.375,-30.90321209,4.153212087,0.279,ns,PHX2647,N2
ABZ.D.S3.R2,40,34,37,38,7/13/23,albendazole,PHX2502,3,7/5/23,8,2,37.25,30.8,7.892331017,146.75,0,-51.24166667,-69.25019267,-33.23314066,0,****,PHX2502,N2
ABZ.D.S3.R3,31,29,29,32,7/13/23,albendazole,PHX2502,3,7/5/23,8,3,30.25,30.8,7.892331017,146.75,0,-51.24166667,-69.25019267,-33.23314066,0,****,PHX2502,N2
ABZ.D.S3.R4,36,35,35,35,7/12/23,albendazole,PHX2502,3,7/5/23,7,4,35.25,30.8,7.892331017,146.75,0,-51.24166667,-69.25019267,-33.23314066,0,****,PHX2502,N2
ABZ.D.S3.R5,31,30,27,31,7/13/23,albendazole,PHX2502,3,7/5/23,8,5,29.75,30.8,7.892331017,146.75,0,-51.24166667,-69.25019267,-33.23314066,0,****,PHX2502,N2
ABZ.D.S3.R6,20,20,19,24,7/13/23,albendazole,PHX2502,3,7/5/23,8,6,20.75,30.8,7.892331017,146.75,0,-51.24166667,-69.25019267,-33.23314066,0,****,PHX2502,N2
ABZ.D.S3.R7,29,30,32,35,7/13/23,albendazole,PHX2502,3,7/5/23,8,7,31.5,30.8,7.892331017,146.75,0,-51.24166667,-69.25019267,-33.23314066,0,****,PHX2502,N2
ABZ.D.S3.R8,31,33,26,33,7/13/23,albendazole,PHX2502,3,7/5/23,8,8,30.75,30.8,7.892331017,146.75,0,-51.24166667,-69.25019267,-33.23314066,0,****,PHX2502,N2
ABZ.D.S3.R9,25,26,27,29,7/13/23,albendazole,PHX2502,3,7/5/23,8,9,26.75,30.8,7.892331017,146.75,0,-51.24166667,-69.25019267,-33.23314066,0,****,PHX2502,N2
ABZ.D.S3.R10,47,44,47,48,7/12/23,albendazole,PHX2502,3,7/5/23,7,10,46.5,30.8,7.892331017,146.75,0,-51.24166667,-69.25019267,-33.23314066,0,****,PHX2502,N2
ABZ.E.S3.R3,73,77,79,77,7/11/23,albendazole,PHX2481,3,7/5/23,6,3,76.5,54.6,37.61375339,150.925,0,-5.967857143,-25.28300612,13.34729184,0.986,ns,PHX2481,N2
ABZ.E.S3.R5,69,75,81,79,7/12/23,albendazole,PHX2481,3,7/5/23,7,5,76,54.6,37.61375339,150.925,0,-5.967857143,-25.28300612,13.34729184,0.986,ns,PHX2481,N2
ABZ.E.S3.R6,77,76,83,75,7/12/23,albendazole,PHX2481,3,7/5/23,7,6,77.75,54.6,37.61375339,150.925,0,-5.967857143,-25.28300612,13.34729184,0.986,ns,PHX2481,N2
ABZ.E.S3.R7,84,88,80,82,7/12/23,albendazole,PHX2481,3,7/5/23,7,7,83.5,54.6,37.61375339,150.925,0,-5.967857143,-25.28300612,13.34729184,0.986,ns,PHX2481,N2
ABZ.E.S3.R8,82,83,87,84,7/11/23,albendazole,PHX2481,3,7/5/23,6,8,84,54.6,37.61375339,150.925,0,-5.967857143,-25.28300612,13.34729184,0.986,ns,PHX2481,N2
ABZ.E.S3.R9,53,55,60,56,7/13/23,albendazole,PHX2481,3,7/5/23,8,9,56,54.6,37.61375339,150.925,0,-5.967857143,-25.28300612,13.34729184,0.986,ns,PHX2481,N2
ABZ.E.S3.R10,83,91,91,86,7/11/23,albendazole,PHX2481,3,7/5/23,6,10,87.75,54.6,37.61375339,150.925,0,-5.967857143,-25.28300612,13.34729184,0.986,ns,PHX2481,N2
ABZ.F.S3.R2,12,12,21,19,7/13/23,albendazole,ECA2687,3,7/5/23,8,2,16,27.95,13.66453235,130.8,0,54.39642857,35.08127959,73.71157755,0,****,ECA2687,N2
ABZ.F.S3.R4,6,9,12,9,7/13/23,albendazole,ECA2687,3,7/5/23,8,4,9,27.95,13.66453235,130.8,0,54.39642857,35.08127959,73.71157755,0,****,ECA2687,N2
ABZ.F.S3.R5,29,27,34,33,7/13/23,albendazole,ECA2687,3,7/5/23,8,5,30.75,27.95,13.66453235,130.8,0,54.39642857,35.08127959,73.71157755,0,****,ECA2687,N2
ABZ.F.S3.R7,35,31,35,34,7/13/23,albendazole,ECA2687,3,7/5/23,8,7,33.75,27.95,13.66453235,130.8,0,54.39642857,35.08127959,73.71157755,0,****,ECA2687,N2
ABZ.F.S3.R8,48,45,52,49,7/13/23,albendazole,ECA2687,3,7/5/23,8,8,48.5,27.95,13.66453235,130.8,0,54.39642857,35.08127959,73.71157755,0,****,ECA2687,N2
ABZ.F.S3.R9,33,31,33,31,7/13/23,albendazole,ECA2687,3,7/5/23,8,9,32,27.95,13.66453235,130.8,0,54.39642857,35.08127959,73.71157755,0,****,ECA2687,N2
ABZ.F.S3.R10,33,31,32,34,7/13/23,albendazole,ECA2687,3,7/5/23,8,10,32.5,27.95,13.66453235,130.8,0,54.39642857,35.08127959,73.71157755,0,****,ECA2687,N2
ABZ.G.S3.R1,50,50,51,54,7/12/23,albendazole,ECA2688,3,7/5/23,7,1,51.25,81.95,18.49579532,226.1,0,1.375,-16.15321209,18.90321209,1,ns,ECA2688,N2
ABZ.G.S3.R2,81,79,80,83,7/12/23,albendazole,ECA2688,3,7/5/23,7,2,80.75,81.95,18.49579532,226.1,0,1.375,-16.15321209,18.90321209,1,ns,ECA2688,N2
ABZ.G.S3.R3,59,56,55,59,7/12/23,albendazole,ECA2688,3,7/5/23,7,3,57.25,81.95,18.49579532,226.1,0,1.375,-16.15321209,18.90321209,1,ns,ECA2688,N2
ABZ.G.S3.R4,79,79,81,82,7/12/23,albendazole,ECA2688,3,7/5/23,7,4,80.25,81.95,18.49579532,226.1,0,1.375,-16.15321209,18.90321209,1,ns,ECA2688,N2
ABZ.G.S3.R5,78,83,78,83,7/11/23,albendazole,ECA2688,3,7/5/23,6,5,80.5,81.95,18.49579532,226.1,0,1.375,-16.15321209,18.90321209,1,ns,ECA2688,N2
ABZ.G.S3.R6,115,113,116,119,7/11/23,albendazole,ECA2688,3,7/5/23,6,6,115.75,81.95,18.49579532,226.1,0,1.375,-16.15321209,18.90321209,1,ns,ECA2688,N2
ABZ.G.S3.R7,83,77,82,84,7/11/23,albendazole,ECA2688,3,7/5/23,6,7,81.5,81.95,18.49579532,226.1,0,1.375,-16.15321209,18.90321209,1,ns,ECA2688,N2
ABZ.G.S3.R8,88,84,94,95,7/11/23,albendazole,ECA2688,3,7/5/23,6,8,90.25,81.95,18.49579532,226.1,0,1.375,-16.15321209,18.90321209,1,ns,ECA2688,N2
ABZ.G.S3.R9,82,76,82,90,7/11/23,albendazole,ECA2688,3,7/5/23,6,9,82.5,81.95,18.49579532,226.1,0,1.375,-16.15321209,18.90321209,1,ns,ECA2688,N2
ABZ.G.S3.R10,95,96,105,102,7/12/23,albendazole,ECA2688,3,7/5/23,7,10,99.5,81.95,18.49579532,226.1,0,1.375,-16.15321209,18.90321209,1,ns,ECA2688,N2
ABZ.H.S3.R1,32,31,43,36,7/13/23,albendazole,ECA2689,3,7/5/23,8,1,35.5,38.35,8.943650758,177.25,0,44.975,27.44678791,62.50321209,1.42e-10,****,ECA2689,N2
ABZ.H.S3.R2,16,15,20,20,7/13/23,albendazole,ECA2689,3,7/5/23,8,2,17.75,38.35,8.943650758,177.25,0,44.975,27.44678791,62.50321209,1.42e-10,****,ECA2689,N2
ABZ.H.S3.R3,43,40,51,45,7/13/23,albendazole,ECA2689,3,7/5/23,8,3,44.75,38.35,8.943650758,177.25,0,44.975,27.44678791,62.50321209,1.42e-10,****,ECA2689,N2
ABZ.H.S3.R4,34,30,33,35,7/13/23,albendazole,ECA2689,3,7/5/23,8,4,33,38.35,8.943650758,177.25,0,44.975,27.44678791,62.50321209,1.42e-10,****,ECA2689,N2
ABZ.H.S3.R5,43,46,47,43,7/13/23,albendazole,ECA2689,3,7/5/23,8,5,44.75,38.35,8.943650758,177.25,0,44.975,27.44678791,62.50321209,1.42e-10,****,ECA2689,N2
ABZ.H.S3.R6,50,46,49,52,7/12/23,albendazole,ECA2689,3,7/5/23,7,6,49.25,38.35,8.943650758,177.25,0,44.975,27.44678791,62.50321209,1.42e-10,****,ECA2689,N2
ABZ.H.S3.R7,43,44,44,46,7/13/23,albendazole,ECA2689,3,7/5/23,8,7,44.25,38.35,8.943650758,177.25,0,44.975,27.44678791,62.50321209,1.42e-10,****,ECA2689,N2
ABZ.H.S3.R8,34,33,35,36,7/12/23,albendazole,ECA2689,3,7/5/23,7,8,34.5,38.35,8.943650758,177.25,0,44.975,27.44678791,62.50321209,1.42e-10,****,ECA2689,N2
ABZ.H.S3.R9,38,37,39,40,7/12/23,albendazole,ECA2689,3,7/5/23,7,9,38.5,38.35,8.943650758,177.25,0,44.975,27.44678791,62.50321209,1.42e-10,****,ECA2689,N2
ABZ.H.S3.R10,40,40,41,44,7/12/23,albendazole,ECA2689,3,7/5/23,7,10,41.25,38.35,8.943650758,177.25,0,44.975,27.44678791,62.50321209,1.42e-10,****,ECA2689,N2
ABZ.I.S3.R1,33,35,32,34,7/13/23,albendazole,ECA2690,3,7/5/23,8,1,33.5,27.425,15.13506323,110.275,0,49.325,30.73352356,67.91647644,0,****,ECA2690,N2
ABZ.I.S3.R3,41,39,41,47,7/13/23,albendazole,ECA2690,3,7/5/23,8,3,42,27.425,15.13506323,110.275,0,49.325,30.73352356,67.91647644,0,****,ECA2690,N2
ABZ.I.S3.R5,33,29,36,32,7/13/23,albendazole,ECA2690,3,7/5/23,8,5,32.5,27.425,15.13506323,110.275,0,49.325,30.73352356,67.91647644,0,****,ECA2690,N2
ABZ.I.S3.R6,26,27,35,29,7/13/23,albendazole,ECA2690,3,7/5/23,8,6,29.25,27.425,15.13506323,110.275,0,49.325,30.73352356,67.91647644,0,****,ECA2690,N2
ABZ.I.S3.R7,37,39,43,41,7/12/23,albendazole,ECA2690,3,7/5/23,7,7,40,27.425,15.13506323,110.275,0,49.325,30.73352356,67.91647644,0,****,ECA2690,N2
ABZ.I.S3.R8,27,27,26,28,7/12/23,albendazole,ECA2690,3,7/5/23,7,8,27,27.425,15.13506323,110.275,0,49.325,30.73352356,67.91647644,0,****,ECA2690,N2
ABZ.I.S3.R9,26,25,24,25,7/12/23,albendazole,ECA2690,3,7/5/23,7,9,25,27.425,15.13506323,110.275,0,49.325,30.73352356,67.91647644,0,****,ECA2690,N2
ABZ.I.S3.R10,38,46,47,40,7/12/23,albendazole,ECA2690,3,7/5/23,7,10,42.75,27.425,15.13506323,110.275,0,49.325,30.73352356,67.91647644,0,****,ECA2690,N2
ABZ.F.S4.R2,40,43,38,45,7/13/23,albendazole,ECA2687,4,7/6/23,7,2,41.5,22.8,13.17763256,130.8,0,-5.796428571,-26.60898323,15.01612609,0.993,ns,ECA2687,N2
ABZ.F.S4.R4,23,29,26,36,7/13/23,albendazole,ECA2687,4,7/6/23,7,4,28.5,22.8,13.17763256,130.8,0,-5.796428571,-26.60898323,15.01612609,0.993,ns,ECA2687,N2
ABZ.F.S4.R5,12,14,12,16,7/14/23,albendazole,ECA2687,4,7/6/23,8,5,13.5,22.8,13.17763256,130.8,0,-5.796428571,-26.60898323,15.01612609,0.993,ns,ECA2687,N2
ABZ.F.S4.R7,16,20,21,22,7/14/23,albendazole,ECA2687,4,7/6/23,8,7,19.75,22.8,13.17763256,130.8,0,-5.796428571,-26.60898323,15.01612609,0.993,ns,ECA2687,N2
ABZ.F.S4.R8,29,34,27,34,7/13/23,albendazole,ECA2687,4,7/6/23,7,8,31,22.8,13.17763256,130.8,0,-5.796428571,-26.60898323,15.01612609,0.993,ns,ECA2687,N2
ABZ.F.S4.R9,12,16,12,19,7/14/23,albendazole,ECA2687,4,7/6/23,8,9,14.75,22.8,13.17763256,130.8,0,-5.796428571,-26.60898323,15.01612609,0.993,ns,ECA2687,N2
ABZ.F.S4.R10,9,14,9,18,7/14/23,albendazole,ECA2687,4,7/6/23,8,10,12.5,22.8,13.17763256,130.8,0,-5.796428571,-26.60898323,15.01612609,0.993,ns,ECA2687,N2
ABZ.G.S4.R1,17,18,16,19,7/13/23,albendazole,ECA2688,4,7/6/23,7,1,17.5,24.825,17.10468178,226.1,0,-7.55,-26.4370856,11.3370856,0.934,ns,ECA2688,N2
ABZ.G.S4.R2,31,35,31,33,7/13/23,albendazole,ECA2688,4,7/6/23,7,2,32.5,24.825,17.10468178,226.1,0,-7.55,-26.4370856,11.3370856,0.934,ns,ECA2688,N2
ABZ.G.S4.R3,4,4,2,5,7/14/23,albendazole,ECA2688,4,7/6/23,8,3,3.75,24.825,17.10468178,226.1,0,-7.55,-26.4370856,11.3370856,0.934,ns,ECA2688,N2
ABZ.G.S4.R4,49,53,49,54,7/13/23,albendazole,ECA2688,4,7/6/23,7,4,51.25,24.825,17.10468178,226.1,0,-7.55,-26.4370856,11.3370856,0.934,ns,ECA2688,N2
ABZ.G.S4.R5,9,11,10,11,7/14/23,albendazole,ECA2688,4,7/6/23,8,5,10.25,24.825,17.10468178,226.1,0,-7.55,-26.4370856,11.3370856,0.934,ns,ECA2688,N2
ABZ.G.S4.R6,9,9,9,9,7/14/23,albendazole,ECA2688,4,7/6/23,8,6,9,24.825,17.10468178,226.1,0,-7.55,-26.4370856,11.3370856,0.934,ns,ECA2688,N2
ABZ.G.S4.R7,50,53,47,49,7/13/23,albendazole,ECA2688,4,7/6/23,7,7,49.75,24.825,17.10468178,226.1,0,-7.55,-26.4370856,11.3370856,0.934,ns,ECA2688,N2
ABZ.G.S4.R8,23,22,22,24,7/13/23,albendazole,ECA2688,4,7/6/23,7,8,22.75,24.825,17.10468178,226.1,0,-7.55,-26.4370856,11.3370856,0.934,ns,ECA2688,N2
ABZ.G.S4.R9,14,13,13,15,7/13/23,albendazole,ECA2688,4,7/6/23,7,9,13.75,24.825,17.10468178,226.1,0,-7.55,-26.4370856,11.3370856,0.934,ns,ECA2688,N2
ABZ.G.S4.R10,37,40,34,40,7/13/23,albendazole,ECA2688,4,7/6/23,7,10,37.75,24.825,17.10468178,226.1,0,-7.55,-26.4370856,11.3370856,0.934,ns,ECA2688,N2
ABZ.H.S4.R1,20,23,21,22,7/14/23,albendazole,ECA2689,4,7/6/23,8,1,21.5,24.525,3.810530001,177.25,0,-7.25,-26.1370856,11.6370856,0.948,ns,ECA2689,N2
ABZ.H.S4.R2,19,23,21,23,7/14/23,albendazole,ECA2689,4,7/6/23,8,2,21.5,24.525,3.810530001,177.25,0,-7.25,-26.1370856,11.6370856,0.948,ns,ECA2689,N2
ABZ.H.S4.R3,27,27,25,30,7/13/23,albendazole,ECA2689,4,7/6/23,7,3,27.25,24.525,3.810530001,177.25,0,-7.25,-26.1370856,11.6370856,0.948,ns,ECA2689,N2
ABZ.H.S4.R4,17,22,21,22,7/14/23,albendazole,ECA2689,4,7/6/23,8,4,20.5,24.525,3.810530001,177.25,0,-7.25,-26.1370856,11.6370856,0.948,ns,ECA2689,N2
ABZ.H.S4.R5,22,22,18,24,7/14/23,albendazole,ECA2689,4,7/6/23,8,5,21.5,24.525,3.810530001,177.25,0,-7.25,-26.1370856,11.6370856,0.948,ns,ECA2689,N2
ABZ.H.S4.R6,30,25,23,33,7/14/23,albendazole,ECA2689,4,7/6/23,8,6,27.75,24.525,3.810530001,177.25,0,-7.25,-26.1370856,11.6370856,0.948,ns,ECA2689,N2
ABZ.H.S4.R7,22,23,21,24,7/14/23,albendazole,ECA2689,4,7/6/23,8,7,22.5,24.525,3.810530001,177.25,0,-7.25,-26.1370856,11.6370856,0.948,ns,ECA2689,N2
ABZ.H.S4.R8,24,26,25,28,7/14/23,albendazole,ECA2689,4,7/6/23,8,8,25.75,24.525,3.810530001,177.25,0,-7.25,-26.1370856,11.6370856,0.948,ns,ECA2689,N2
ABZ.H.S4.R9,29,30,39,32,7/14/23,albendazole,ECA2689,4,7/6/23,8,9,32.5,24.525,3.810530001,177.25,0,-7.25,-26.1370856,11.6370856,0.948,ns,ECA2689,N2
ABZ.H.S4.R10,22,24,24,28,7/14/23,albendazole,ECA2689,4,7/6/23,8,10,24.5,24.525,3.810530001,177.25,0,-7.25,-26.1370856,11.6370856,0.948,ns,ECA2689,N2
ABZ.I.S4.R1,16,18,16,21,7/14/23,albendazole,ECA2690,4,7/6/23,8,1,17.75,15.45,9.027581194,110.275,0,-1.975,-22.00777945,18.05777945,1,ns,ECA2690,N2
ABZ.I.S4.R3,20,21,19,22,7/14/23,albendazole,ECA2690,4,7/6/23,8,3,20.5,15.45,9.027581194,110.275,0,-1.975,-22.00777945,18.05777945,1,ns,ECA2690,N2
ABZ.I.S4.R5,14,15,11,16,7/15/23,albendazole,ECA2690,4,7/6/23,9,5,14,15.45,9.027581194,110.275,0,-1.975,-22.00777945,18.05777945,1,ns,ECA2690,N2
ABZ.I.S4.R6,27,28,25,35,7/14/23,albendazole,ECA2690,4,7/6/23,8,6,28.75,15.45,9.027581194,110.275,0,-1.975,-22.00777945,18.05777945,1,ns,ECA2690,N2
ABZ.I.S4.R7,14,15,9,20,7/14/23,albendazole,ECA2690,4,7/6/23,8,7,14.5,15.45,9.027581194,110.275,0,-1.975,-22.00777945,18.05777945,1,ns,ECA2690,N2
ABZ.I.S4.R8,19,21,19,24,7/14/23,albendazole,ECA2690,4,7/6/23,8,8,20.75,15.45,9.027581194,110.275,0,-1.975,-22.00777945,18.05777945,1,ns,ECA2690,N2
ABZ.I.S4.R9,13,16,17,21,7/14/23,albendazole,ECA2690,4,7/6/23,8,9,16.75,15.45,9.027581194,110.275,0,-1.975,-22.00777945,18.05777945,1,ns,ECA2690,N2
ABZ.I.S4.R10,18,20,21,25,7/14/23,albendazole,ECA2690,4,7/6/23,8,10,21,15.45,9.027581194,110.275,0,-1.975,-22.00777945,18.05777945,1,ns,ECA2690,N2
ABZ.B.S4.R1,0,0,0,1,7/19/23,albendazole,ECA882,4,7/6/23,13,1,0.25,12.725,10.2302995,218.275,0,4.55,-14.3370856,23.4370856,0.997,ns,ECA882,N2
ABZ.B.S4.R2,17,18,17,16,7/13/23,albendazole,ECA882,4,7/6/23,7,2,17,12.725,10.2302995,218.275,0,4.55,-14.3370856,23.4370856,0.997,ns,ECA882,N2
ABZ.B.S4.R3,26,29,24,26,7/12/23,albendazole,ECA882,4,7/6/23,6,3,26.25,12.725,10.2302995,218.275,0,4.55,-14.3370856,23.4370856,0.997,ns,ECA882,N2
ABZ.B.S4.R4,2,2,2,2,7/14/23,albendazole,ECA882,4,7/6/23,8,4,2,12.725,10.2302995,218.275,0,4.55,-14.3370856,23.4370856,0.997,ns,ECA882,N2
ABZ.B.S4.R5,25,27,24,29,7/12/23,albendazole,ECA882,4,7/6/23,6,5,26.25,12.725,10.2302995,218.275,0,4.55,-14.3370856,23.4370856,0.997,ns,ECA882,N2
ABZ.B.S4.R6,4,4,5,4,7/14/23,albendazole,ECA882,4,7/6/23,8,6,4.25,12.725,10.2302995,218.275,0,4.55,-14.3370856,23.4370856,0.997,ns,ECA882,N2
ABZ.B.S4.R7,22,24,20,25,7/13/23,albendazole,ECA882,4,7/6/23,7,7,22.75,12.725,10.2302995,218.275,0,4.55,-14.3370856,23.4370856,0.997,ns,ECA882,N2
ABZ.B.S4.R8,10,12,11,10,7/13/23,albendazole,ECA882,4,7/6/23,7,8,10.75,12.725,10.2302995,218.275,0,4.55,-14.3370856,23.4370856,0.997,ns,ECA882,N2
ABZ.B.S4.R9,2,2,2,4,7/13/23,albendazole,ECA882,4,7/6/23,7,9,2.5,12.725,10.2302995,218.275,0,4.55,-14.3370856,23.4370856,0.997,ns,ECA882,N2
ABZ.B.S4.R10,15,15,15,16,7/13/23,albendazole,ECA882,4,7/6/23,7,10,15.25,12.725,10.2302995,218.275,0,4.55,-14.3370856,23.4370856,0.997,ns,ECA882,N2
ABZ.A.S4.R1,25,24,25,26,7/13/23,albendazole,N2,4,7/6/23,7,1,25,17.275,16.112646,232.55,,,,,,,N2,N2
ABZ.A.S4.R2,5,6,5,8,7/14/23,albendazole,N2,4,7/6/23,8,2,6,17.275,16.112646,232.55,,,,,,,N2,N2
ABZ.A.S4.R3,1,3,1,4,7/17/23,albendazole,N2,4,7/6/23,11,3,2.25,17.275,16.112646,232.55,,,,,,,N2,N2
ABZ.A.S4.R4,3,4,3,9,7/14/23,albendazole,N2,4,7/6/23,8,4,4.75,17.275,16.112646,232.55,,,,,,,N2,N2
ABZ.A.S4.R5,19,22,19,22,7/13/23,albendazole,N2,4,7/6/23,7,5,20.5,17.275,16.112646,232.55,,,,,,,N2,N2
ABZ.A.S4.R6,1,2,1,1,7/16/23,albendazole,N2,4,7/6/23,10,6,1.25,17.275,16.112646,232.55,,,,,,,N2,N2
ABZ.A.S4.R7,31,33,28,32,7/13/23,albendazole,N2,4,7/6/23,7,7,31,17.275,16.112646,232.55,,,,,,,N2,N2
ABZ.A.S4.R8,37,42,30,37,7/13/23,albendazole,N2,4,7/6/23,7,8,36.5,17.275,16.112646,232.55,,,,,,,N2,N2
ABZ.A.S4.R9,45,46,35,49,7/12/23,albendazole,N2,4,7/6/23,6,9,43.75,17.275,16.112646,232.55,,,,,,,N2,N2
ABZ.A.S4.R10,0,2,3,2,7/15/23,albendazole,N2,4,7/6/23,9,10,1.75,17.275,16.112646,232.55,,,,,,,N2,N2
ABZ.E.S4.R3,2,2,1,3,7/15/23,albendazole,PHX2481,4,7/6/23,9,3,2,9.925,11.8239693,150.925,0,-3.489285714,-24.30184037,17.32326894,1,ns,PHX2481,N2
ABZ.E.S4.R5,5,6,5,7,7/14/23,albendazole,PHX2481,4,7/6/23,8,5,5.75,9.925,11.8239693,150.925,0,-3.489285714,-24.30184037,17.32326894,1,ns,PHX2481,N2
ABZ.E.S4.R6,14,15,15,16,7/13/23,albendazole,PHX2481,4,7/6/23,7,6,15,9.925,11.8239693,150.925,0,-3.489285714,-24.30184037,17.32326894,1,ns,PHX2481,N2
ABZ.E.S4.R7,10,10,10,11,7/13/23,albendazole,PHX2481,4,7/6/23,7,7,10.25,9.925,11.8239693,150.925,0,-3.489285714,-24.30184037,17.32326894,1,ns,PHX2481,N2
ABZ.E.S4.R8,33,37,37,44,7/13/23,albendazole,PHX2481,4,7/6/23,7,8,37.75,9.925,11.8239693,150.925,0,-3.489285714,-24.30184037,17.32326894,1,ns,PHX2481,N2
ABZ.E.S4.R9,18,20,21,23,7/13/23,albendazole,PHX2481,4,7/6/23,7,9,20.5,9.925,11.8239693,150.925,0,-3.489285714,-24.30184037,17.32326894,1,ns,PHX2481,N2
ABZ.E.S4.R10,3,6,2,10,7/13/23,albendazole,PHX2481,4,7/6/23,7,10,5.25,9.925,11.8239693,150.925,0,-3.489285714,-24.30184037,17.32326894,1,ns,PHX2481,N2
ABZ.D.S4.R2,42,43,32,48,7/13/23,albendazole,PHX2502,4,7/6/23,7,2,41.25,26.675,10.69205962,146.75,0,9.502777778,-9.901858044,28.9074136,0.82,ns,PHX2502,N2
ABZ.D.S4.R3,29,32,29,38,7/13/23,albendazole,PHX2502,4,7/6/23,7,3,32,26.675,10.69205962,146.75,0,9.502777778,-9.901858044,28.9074136,0.82,ns,PHX2502,N2
ABZ.D.S4.R4,23,29,23,29,7/14/23,albendazole,PHX2502,4,7/6/23,8,4,26,26.675,10.69205962,146.75,0,9.502777778,-9.901858044,28.9074136,0.82,ns,PHX2502,N2
ABZ.D.S4.R5,18,19,16,26,7/14/23,albendazole,PHX2502,4,7/6/23,8,5,19.75,26.675,10.69205962,146.75,0,9.502777778,-9.901858044,28.9074136,0.82,ns,PHX2502,N2
ABZ.D.S4.R6,0,0,31,0,NA,albendazole,PHX2502,4,7/6/23,06/24/1776,6,7.75,26.675,10.69205962,146.75,0,9.502777778,-9.901858044,28.9074136,0.82,ns,PHX2502,N2
ABZ.D.S4.R7,33,39,31,44,7/13/23,albendazole,PHX2502,4,7/6/23,7,7,36.75,26.675,10.69205962,146.75,0,9.502777778,-9.901858044,28.9074136,0.82,ns,PHX2502,N2
ABZ.D.S4.R8,33,40,11,45,7/13/23,albendazole,PHX2502,4,7/6/23,7,8,32.25,26.675,10.69205962,146.75,0,9.502777778,-9.901858044,28.9074136,0.82,ns,PHX2502,N2
ABZ.D.S4.R9,12,13,11,13,7/14/23,albendazole,PHX2502,4,7/6/23,8,9,12.25,26.675,10.69205962,146.75,0,9.502777778,-9.901858044,28.9074136,0.82,ns,PHX2502,N2
ABZ.D.S4.R10,28,34,28,42,7/13/23,albendazole,PHX2502,4,7/6/23,7,10,33,26.675,10.69205962,146.75,0,9.502777778,-9.901858044,28.9074136,0.82,ns,PHX2502,N2
ABZ.C.S4.R1,69,70,68,66,7/13/23,albendazole,PHX2647,4,7/6/23,7,1,68.25,28.75,20.28991266,204.125,0,11.475,-7.412085597,30.3620856,0.587,ns,PHX2647,N2
ABZ.C.S4.R2,39,41,40,46,7/13/23,albendazole,PHX2647,4,7/6/23,7,2,41.5,28.75,20.28991266,204.125,0,11.475,-7.412085597,30.3620856,0.587,ns,PHX2647,N2
ABZ.C.S4.R3,17,19,17,19,7/13/23,albendazole,PHX2647,4,7/6/23,7,3,18,28.75,20.28991266,204.125,0,11.475,-7.412085597,30.3620856,0.587,ns,PHX2647,N2
ABZ.C.S4.R4,3,5,3,9,7/14/23,albendazole,PHX2647,4,7/6/23,8,4,5,28.75,20.28991266,204.125,0,11.475,-7.412085597,30.3620856,0.587,ns,PHX2647,N2
ABZ.C.S4.R5,6,7,7,8,7/13/23,albendazole,PHX2647,4,7/6/23,7,5,7,28.75,20.28991266,204.125,0,11.475,-7.412085597,30.3620856,0.587,ns,PHX2647,N2
ABZ.C.S4.R6,45,47,41,50,7/13/23,albendazole,PHX2647,4,7/6/23,7,6,45.75,28.75,20.28991266,204.125,0,11.475,-7.412085597,30.3620856,0.587,ns,PHX2647,N2
ABZ.C.S4.R7,9,8,6,9,7/13/23,albendazole,PHX2647,4,7/6/23,7,7,8,28.75,20.28991266,204.125,0,11.475,-7.412085597,30.3620856,0.587,ns,PHX2647,N2
ABZ.C.S4.R8,32,35,32,36,7/13/23,albendazole,PHX2647,4,7/6/23,7,8,33.75,28.75,20.28991266,204.125,0,11.475,-7.412085597,30.3620856,0.587,ns,PHX2647,N2
ABZ.C.S4.R9,24,26,19,26,7/13/23,albendazole,PHX2647,4,7/6/23,7,9,23.75,28.75,20.28991266,204.125,0,11.475,-7.412085597,30.3620856,0.587,ns,PHX2647,N2
ABZ.C.S4.R10,36,42,24,44,7/13/23,albendazole,PHX2647,4,7/6/23,7,10,36.5,28.75,20.28991266,204.125,0,11.475,-7.412085597,30.3620856,0.587,ns,PHX2647,N2